model,rmse,mae,r2
Linear Regression,60.08523349250143,48.16307294916522,0.9491605579711246
Random Forest,62.725996562675284,21.287284615384557,0.9445935392881712
